<openerp>
   <data noupdate="1">
	<record id="group_overtime" model="res.groups">
		<field name="name">Overtime Approver</field>
		<field name="category_id" ref="base.module_category_human_resources"/>
		<field name="comment">The user will be able to approve overtime requests created by employees.</field>
	</record>
	<record id="group_sal_adv" model="res.groups">
		<field name="name">Salary Advance Approver</field>
		<field name="category_id" ref="base.module_category_human_resources"/>
		<field name="comment">The user will be able to approve Salary Advance requests created by employees.</field>
	</record>

	<record id="group_next_sal_adv" model="res.groups">
		<field name="name">Finance Salary Advance Approval</field>
		<field name="category_id" ref="base.module_category_human_resources"/>
		<field name="comment">The user will be able to approve Salary Advance requests created by ADMIN Manager.</field>
	</record>

	<record id="group_final_sal_adv" model="res.groups">
		<field name="name">Team leader Salary Advance Approval</field>
		<field name="category_id" ref="base.module_category_human_resources"/>
		<field name="comment">The user will be able to approve Salary Advance requests created by Finance Department.</field>
	</record>

	<!-- <record id="group_hide_purchase_order" model="res.groups">
		<field name="name">Add import products to Purchase Order</field>
		 <field name="category_id" ref="base.module_category_human_resources"/> 
		<field name="comment">The user will be able to add imported products to the Purchase Order</field>
	</record> -->
   </data>
</openerp>
